{"_wandb":{"runtime":2407},"train/heatmap":13.827737808227539,"train/depth":8.652612686157227,"_runtime":2312.950034892,"epoch":0,"trainer/global_step":1949,"learning_rate":0.00019999999494757503,"train/bbox":6.442269802093506,"_timestamp":1.7393480237195766e+09,"train/detection":20.27000617980957,"_step":38}